bob,bob@bob.bob,"$argon2i$v=19$m=65536,t=4,p=1$TGcwVFN0S1psWml1anY0Sw$HjeZziX3K7VSFYopKDMydL81YxCnwuvB2WF8OE2GtEg",user,"$argon2i$v=19$m=65536,t=4,p=1$eEJiaXNXVWJzRUR5SWRNSQ$8HsgU6BzGCHX18I5vFXgB9jRx7OyJE1lGMYGbXjIwWU","19 rue de bob","appt Bob",Bobville,808,0808080808,bob,bobbington,20/10/2020,20/10/2020
1,bob@bob.bob,"$argon2i$v=19$m=65536,t=4,p=1$TGcwVFN0S1psWml1anY0Sw$HjeZziX3K7VSFYopKDMydL81YxCnwuvB2WF8OE2GtEg",user,"$argon2i$v=19$m=65536,t=4,p=1$eEJiaXNXVWJzRUR5SWRNSQ$8HsgU6BzGCHX18I5vFXgB9jRx7OyJE1lGMYGbXjIwWU","19 rue de bob","appt Bob",Bobville,808,0808080808,bob,bobbington,20/10/2020,20/10/2020
3,bob@bob.bob,"$argon2i$v=19$m=65536,t=4,p=1$TGcwVFN0S1psWml1anY0Sw$HjeZziX3K7VSFYopKDMydL81YxCnwuvB2WF8OE2GtEg",user,"$argon2i$v=19$m=65536,t=4,p=1$eEJiaXNXVWJzRUR5SWRNSQ$8HsgU6BzGCHX18I5vFXgB9jRx7OyJE1lGMYGbXjIwWU","19 rue de bob","appt Bob",Bobville,808,0808080808,bob,bobbington,20/10/2020,20/10/2020
4,bob@bob.bob,"$argon2i$v=19$m=65536,t=4,p=1$TGcwVFN0S1psWml1anY0Sw$HjeZziX3K7VSFYopKDMydL81YxCnwuvB2WF8OE2GtEg",user,"$argon2i$v=19$m=65536,t=4,p=1$eEJiaXNXVWJzRUR5SWRNSQ$8HsgU6BzGCHX18I5vFXgB9jRx7OyJE1lGMYGbXjIwWU","19 rue de bob","appt Bob",Bobville,808,0808080808,bob,bobbington,20/10/2020,20/10/2020
6,bob@bob.bob,"$argon2i$v=19$m=65536,t=4,p=1$TGcwVFN0S1psWml1anY0Sw$HjeZziX3K7VSFYopKDMydL81YxCnwuvB2WF8OE2GtEg",user,"$argon2i$v=19$m=65536,t=4,p=1$eEJiaXNXVWJzRUR5SWRNSQ$8HsgU6BzGCHX18I5vFXgB9jRx7OyJE1lGMYGbXjIwWU","19 rue de bob","appt Bob",Bobville,808,0808080808,bob,bobbington,20/10/2020,20/10/2020
7,bob@bob.bob,"$argon2i$v=19$m=65536,t=4,p=1$TGcwVFN0S1psWml1anY0Sw$HjeZziX3K7VSFYopKDMydL81YxCnwuvB2WF8OE2GtEg",user,"$argon2i$v=19$m=65536,t=4,p=1$eEJiaXNXVWJzRUR5SWRNSQ$8HsgU6BzGCHX18I5vFXgB9jRx7OyJE1lGMYGbXjIwWU","19 rue de bob","appt Bob",Bobville,808,0808080808,bob,bobbington,20/10/2020,20/10/2020
8,bob@bob.bob,"$argon2i$v=19$m=65536,t=4,p=1$TGcwVFN0S1psWml1anY0Sw$HjeZziX3K7VSFYopKDMydL81YxCnwuvB2WF8OE2GtEg",user,"$argon2i$v=19$m=65536,t=4,p=1$eEJiaXNXVWJzRUR5SWRNSQ$8HsgU6BzGCHX18I5vFXgB9jRx7OyJE1lGMYGbXjIwWU","19 rue de bob","appt Bob",Bobville,808,0808080808,bob,bobbington,20/10/2020,20/10/2020
9,bob@bob.bob,"$argon2i$v=19$m=65536,t=4,p=1$TGcwVFN0S1psWml1anY0Sw$HjeZziX3K7VSFYopKDMydL81YxCnwuvB2WF8OE2GtEg",user,"$argon2i$v=19$m=65536,t=4,p=1$eEJiaXNXVWJzRUR5SWRNSQ$8HsgU6BzGCHX18I5vFXgB9jRx7OyJE1lGMYGbXjIwWU","19 rue de bob","appt Bob",Bobville,808,0808080808,bob,bobbington,20/10/2020,20/10/2020
10,bob@bob.bob,"$argon2i$v=19$m=65536,t=4,p=1$TGcwVFN0S1psWml1anY0Sw$HjeZziX3K7VSFYopKDMydL81YxCnwuvB2WF8OE2GtEg",user,"$argon2i$v=19$m=65536,t=4,p=1$eEJiaXNXVWJzRUR5SWRNSQ$8HsgU6BzGCHX18I5vFXgB9jRx7OyJE1lGMYGbXjIwWU","19 rue de bob","appt Bob",Bobville,808,0808080808,bob,bobbington,20/10/2020,20/10/2020
deuwi,nalalize@gmail.com,"$argon2i$v=19$m=65536,t=4,p=1$TTY5SnVEYTFwRkVKNHRyQw$K61oWHuZawdgKqWfzWqyurwHt5T6nbxFM9aWGlQJBBo",user,"$argon2i$v=19$m=65536,t=4,p=1$UGpkMzhYbE9EbmxaWjNtYw$iP1D4V7kkxwkFJ/Gj/BlGjCS8WYRvWG7a35WbmVGt9A","Rue Du Temple",6,"Mas Grenier",82600,0614560565,remi,Derathe,02/11/2020,02/11/2020
admin,,"$argon2i$v=19$m=65536,t=4,p=1$SGNYSGhVMjFPME1iVlVrSQ$vF2IyAnM3AXIvvNmslMJPPED8aKeWu0Mt+SChcpvet8",admin,"$argon2i$v=19$m=65536,t=4,p=1$eTY4S2gvem1SY0lTRDJoMg$4lFvoI1NRO34r6BCt4M0uDLyWGmRaeTQXa59uFTBVqc",,,,,,admin,,07/12/2020,07/12/2020
Moka,,"$argon2i$v=19$m=65536,t=4,p=1$dEJNUjNTYmJaaVEyN09MQw$ndcWhC8xJPVJm+Mng0Q38rMYDvAhG7YVgIITgCU+Gww",admin,"$argon2i$v=19$m=65536,t=4,p=1$cThrUk9DM3Jsell1cVhJRw$oO3Qg2I3A0JRqsVedEO6pG8Dax0OyQPc6JFbm9ykCeM",,,,,,M,,07/12/2020,07/12/2020
